age,sex,bmi,children,smoker,region,expenses
53,male,34.1,0,yes,northeast,43254.42
40,male,32.3,2,no,northwest,6986.7
20,male,27.3,0,yes,southwest,16232.85
42,male,26.1,1,yes,southeast,38245.59
26,male,46.5,1,no,southeast,2927.06
19,male,24.6,1,no,southwest,1837.24
27,female,25.2,0,no,northeast,3558.62
18,female,40.3,0,no,northeast,2217.6
64,male,24.7,1,no,northwest,30166.62
39,female,23.3,3,no,northeast,7986.48
55,female,25.4,3,no,northeast,13047.33
48,female,32.2,1,no,southeast,8871.15
30,female,39.1,3,yes,southeast,40932.43
60,female,24.0,0,no,northwest,13012.21
63,female,36.9,0,no,southeast,13887.97
23,male,32.6,0,no,southeast,1824.29
22,male,34.8,3,no,southwest,3443.06
19,female,30.0,0,yes,northwest,33307.55
58,male,34.4,0,no,northwest,11743.93
23,male,24.5,0,no,northeast,2396.1
22,male,28.3,1,no,northwest,2639.04
41,female,31.6,1,no,northeast,7358.18
21,female,34.9,0,no,southeast,2020.55
26,female,17.2,2,yes,northeast,14455.64
42,male,24.6,0,yes,southeast,19515.54
51,male,39.7,1,no,southwest,9391.35
62,male,32.1,0,no,northeast,13555.0
51,female,37.1,3,yes,northeast,46255.11
52,male,41.8,2,yes,southeast,47269.85
20,male,30.1,5,no,northeast,4915.06
44,male,27.4,2,no,southwest,7726.85
49,male,25.8,1,no,northeast,9282.48
37,male,24.3,2,no,northwest,6198.75
63,female,32.2,2,yes,southwest,47305.31
30,female,27.7,0,no,southwest,3554.2
51,male,22.4,0,no,northeast,9361.33
62,female,31.7,0,no,northeast,14043.48
36,female,29.9,0,no,southeast,4889.04
59,male,25.5,0,no,northwest,12124.99
26,male,29.2,1,no,southeast,2902.91
25,female,24.3,3,no,southwest,4391.65
29,male,32.1,2,no,northwest,4433.92
23,female,36.7,2,yes,northeast,38511.63
24,female,27.7,0,no,southeast,2464.62
63,female,27.7,0,yes,northeast,29523.17
55,female,30.1,2,no,southeast,11881.97
46,male,27.6,0,no,southwest,24603.05
40,male,22.7,2,no,northeast,7173.36
33,male,22.7,0,no,northwest,21984.47
29,male,37.3,2,no,southeast,4058.12
18,female,39.2,0,no,southeast,1633.04
40,female,25.5,1,no,northeast,7077.19
49,female,23.2,2,no,northwest,10156.78
63,male,31.4,0,no,northeast,13974.46
55,female,29.7,2,no,southwest,11881.36
41,male,30.8,3,yes,northeast,39597.41
24,female,22.6,0,no,southwest,2457.5
25,male,35.6,0,no,northwest,2534.39
59,male,24.7,0,no,northeast,12323.94
18,female,30.3,0,no,northeast,2203.74
36,female,29.0,4,no,southeast,7243.81
51,male,42.9,2,yes,southeast,47462.89
34,female,23.6,0,no,northeast,4992.38
64,male,33.9,0,yes,southeast,46889.26
58,male,28.6,0,no,northwest,11735.88
46,male,26.6,1,no,southeast,7742.11
43,female,24.7,2,yes,northwest,21880.82
58,male,34.9,0,no,northeast,11944.59
59,male,37.1,1,no,southwest,12347.17
35,female,34.8,1,no,southwest,5246.05
28,male,36.4,1,yes,southwest,51194.56
20,male,33.3,0,no,southeast,1391.53
21,female,35.7,0,no,northwest,2404.73
32,female,44.2,0,no,southeast,3994.18
37,male,36.2,0,no,southeast,19214.71
36,male,31.5,0,no,southwest,4402.23
18,female,38.3,0,no,southeast,1631.82
57,female,23.2,0,no,northwest,11830.61
58,female,31.8,2,no,northeast,13607.37
33,female,36.3,3,no,northeast,6551.75
27,male,33.7,0,no,southeast,2498.41
35,male,30.5,1,no,southwest,4751.07
44,male,29.7,2,no,northeast,32108.66
51,male,37.0,0,no,southwest,8798.59
51,male,31.6,0,no,northwest,9174.14
25,male,26.8,3,no,southwest,3906.13
37,male,29.6,0,no,northwest,5028.15
38,female,34.8,2,no,southwest,6571.54
47,male,25.5,2,no,northeast,9225.26
30,female,27.9,0,no,northeast,4137.52
41,female,33.2,3,no,northeast,8538.29
36,male,28.9,3,no,northeast,6748.59
48,male,40.6,2,yes,northwest,45702.02
24,female,30.2,3,no,northwest,4618.08
53,male,41.5,0,no,southeast,9504.31
54,male,30.0,0,no,northwest,24476.48
41,male,34.2,2,no,northwest,7261.74
23,male,50.4,1,no,southeast,2438.06
41,female,32.2,1,no,southwest,6775.96
38,male,27.8,2,no,northwest,6455.86
18,male,31.7,0,yes,northeast,33732.69
22,female,24.3,0,no,southwest,2150.47
28,male,27.0,2,no,northeast,4435.09
35,female,31.0,1,no,southwest,5240.77
24,male,25.8,0,no,southwest,1972.95
26,male,30.9,2,no,northwest,3877.3
23,female,33.4,0,no,southwest,10795.94
55,female,30.5,0,no,southwest,10704.47
58,male,32.0,1,no,southeast,11946.63
21,male,29.0,0,no,northwest,1906.36
63,female,26.2,0,no,northwest,14256.19
18,female,27.3,3,yes,southeast,18223.45
58,female,29.0,0,no,southwest,11842.44
58,female,33.1,0,no,southwest,11848.14
39,female,34.1,3,no,southwest,7418.52
48,male,28.0,1,yes,southwest,23568.27
58,female,36.5,0,no,northwest,12235.84
63,male,30.8,0,no,southwest,13390.56
20,male,39.4,2,yes,southwest,38344.57
44,female,20.2,1,yes,northeast,19594.81
43,female,26.7,2,yes,southwest,22478.6
22,female,20.2,0,no,northwest,2527.82
23,female,28.3,0,yes,northwest,18033.97
48,female,22.8,0,no,southwest,8269.04
49,male,28.7,3,no,northwest,10264.44
54,male,33.6,1,no,northwest,10825.25
44,female,32.3,1,no,southeast,7633.72
25,male,29.7,3,yes,southwest,19933.46
48,male,34.3,3,no,southwest,9563.03
34,male,34.2,0,no,southeast,3935.18
51,female,36.7,2,no,northwest,10848.13
28,female,25.9,1,no,northwest,4133.64
59,female,32.1,3,no,southwest,14007.22
46,female,28.1,1,no,southeast,8233.1
26,female,29.5,1,no,southeast,3392.37
45,female,35.8,0,no,northwest,7731.86
40,female,36.2,0,no,southeast,5920.1
63,female,21.7,0,no,northeast,14449.85
19,female,29.8,0,no,southwest,1744.47
60,female,27.6,0,no,northeast,13217.09
35,female,34.2,1,no,southeast,5245.23
32,female,29.6,1,no,southeast,4562.84
27,male,18.9,3,no,northeast,4827.9
22,female,28.8,0,no,southeast,2156.75
50,female,27.8,3,no,southeast,19749.38
46,female,23.7,1,yes,northwest,21677.28
60,male,24.3,1,no,northwest,13112.6
61,female,31.2,0,no,northwest,13429.04
53,female,38.1,3,no,southeast,20463.0
54,male,30.8,1,yes,southeast,41999.52
49,female,23.8,3,yes,northeast,24106.91
58,male,25.2,0,no,northeast,11931.13
50,male,26.4,0,no,northwest,8827.21
38,female,19.5,2,no,northwest,6933.24
30,female,28.4,1,yes,southeast,19521.97
19,male,30.4,0,no,southwest,1256.3
20,male,22.0,1,no,southwest,1964.78
41,female,28.3,1,no,northwest,7153.55
18,female,32.1,2,no,southeast,2801.26
18,male,34.4,0,no,southeast,1137.47
56,male,20.0,0,yes,northeast,22412.65
49,female,31.9,5,no,southwest,11552.9
18,female,35.6,0,no,northeast,2211.13
20,female,37.0,5,no,southwest,4830.63
55,female,27.0,0,no,northwest,11082.58
64,female,36.0,0,no,southeast,14313.85
42,female,25.3,1,no,southwest,7045.5
33,male,35.8,2,no,southeast,4890.0
30,male,38.8,1,no,southeast,18963.17
54,male,21.0,2,no,southeast,11013.71
21,male,31.3,0,no,northwest,1909.53
20,male,29.7,0,no,northwest,1769.53
31,male,28.6,1,no,northwest,4243.59
34,female,38.0,3,no,southwest,6196.45
36,female,27.7,0,no,northeast,5469.01
56,female,28.3,0,no,northeast,11657.72
58,female,39.1,0,no,southeast,11856.41
27,female,36.1,0,yes,southeast,37133.9
44,male,21.9,3,no,northeast,8891.14
40,male,26.3,1,no,northwest,6389.38
38,female,28.0,3,no,southwest,7151.09
48,male,29.6,0,no,southwest,21232.18
33,male,35.2,0,no,northeast,12404.88
19,female,23.4,2,no,southwest,2913.57
52,female,33.3,2,no,southwest,10806.84
24,female,29.9,0,no,northwest,2850.68
19,male,27.3,2,no,northwest,22493.66
19,male,20.3,0,no,southwest,1242.26
43,male,20.1,2,yes,southeast,18767.74
37,female,23.4,2,no,northwest,6686.43
45,male,27.5,3,no,southwest,8615.3
21,female,39.5,0,no,southeast,2026.97
21,female,25.8,0,no,southwest,2007.95
32,male,27.8,1,no,northwest,4454.4
53,male,29.5,0,no,southeast,9487.64
18,male,37.3,0,no,southeast,1141.45
20,female,21.8,0,yes,southwest,20167.34
43,male,32.6,2,no,southwest,7441.5
62,male,39.9,0,no,southeast,12982.87
55,male,27.6,0,no,northwest,10594.5
46,male,39.4,1,no,northeast,8342.91
19,female,24.5,1,no,northwest,2709.11
56,male,36.1,3,no,southwest,12363.55
41,male,35.8,1,yes,southeast,40273.65
38,female,20.0,2,no,northeast,7133.9
22,female,39.8,0,no,northeast,2755.02
27,male,32.6,3,no,northeast,4846.92
29,female,24.6,2,no,southwest,4529.48
52,male,30.2,1,no,southwest,9724.53
49,male,28.7,1,no,southwest,8703.46
26,male,33.9,1,no,northwest,3292.53
27,female,30.6,1,no,northeast,16796.41
43,female,34.4,3,no,southwest,8522.0
40,male,30.9,4,no,northwest,8162.72
50,female,28.2,3,no,southeast,10702.64
63,male,39.8,3,no,southwest,15170.07
38,male,37.1,1,no,northeast,6079.67
51,male,27.7,1,no,northeast,9957.72
23,female,23.2,2,no,northwest,14426.07
56,female,39.8,0,no,southeast,11090.72
59,male,28.8,0,no,northwest,12129.61
24,male,23.7,0,no,northwest,2352.97
37,male,28.0,2,no,northwest,6203.9
32,female,17.8,2,yes,northwest,32734.19
19,male,20.4,0,no,northwest,1625.43
61,female,21.1,0,no,northwest,13415.04
52,male,36.7,0,no,southwest,9144.57
55,male,35.2,1,no,northeast,11394.07
19,male,29.1,0,yes,northwest,17352.68
20,male,31.1,2,no,southeast,2566.47
52,female,31.2,0,no,southwest,9625.92
30,female,43.1,2,no,southeast,4753.64
24,male,23.4,0,no,southwest,1969.61
39,female,41.8,0,no,southeast,5662.23
26,male,29.5,0,no,northeast,2897.32
47,male,36.1,1,yes,southeast,42211.14
44,female,27.6,0,no,northwest,7421.19
58,male,36.1,0,no,southeast,11363.28
64,female,33.0,0,no,northwest,14692.67
45,male,22.9,2,yes,northwest,21098.55
32,female,29.7,0,no,northwest,4357.04
22,male,31.7,0,no,northeast,2254.8
48,male,35.6,4,no,northeast,10736.87
30,male,23.0,2,yes,northwest,17361.77
60,female,24.5,0,no,southeast,12629.9
22,male,26.8,0,no,southeast,1665.0
24,male,32.7,0,yes,southwest,34472.84
38,male,28.3,1,no,southeast,5484.47
33,female,39.8,1,no,southeast,4795.66
39,female,32.5,1,no,southwest,6238.3
29,female,27.9,1,yes,southeast,19107.78
28,male,33.8,0,no,northwest,19673.34
33,female,33.5,0,yes,southwest,37079.37
40,female,33.0,3,no,southeast,7682.67
59,female,36.5,1,no,southeast,28287.9
40,female,28.7,3,no,northwest,8059.68
41,female,32.6,3,no,southwest,7954.52
44,female,36.5,0,no,northeast,12797.21
18,male,33.8,1,no,southeast,1725.55
42,male,34.1,0,no,southwest,5979.73
63,male,36.8,0,no,northeast,13981.85
57,female,28.7,0,no,southwest,11455.28
23,female,32.8,2,yes,southeast,36021.01
57,female,34.3,2,no,northeast,13224.06
18,female,28.2,0,no,northeast,2200.83
50,male,27.5,1,no,northeast,9617.66
18,female,29.2,0,no,northeast,7323.73
38,male,28.0,1,no,northeast,6067.13
18,female,26.3,0,no,northeast,2198.19
19,male,35.5,0,no,northwest,1646.43
39,male,42.7,0,no,northeast,5757.41
45,male,30.2,1,no,southwest,7441.05
52,female,44.7,3,no,southwest,11411.69
64,male,25.6,2,no,southwest,14988.43
54,female,32.3,1,no,northeast,11512.41
34,male,42.9,1,no,southwest,4536.26
57,male,34.0,0,no,northwest,11356.66
20,female,31.8,2,no,southeast,3056.39
20,female,33.0,0,no,southeast,1880.07
23,female,24.2,2,no,northeast,22395.74
19,male,35.4,0,no,southwest,1263.25
51,female,34.2,1,no,southwest,9872.7
24,male,40.2,0,yes,southeast,38126.25
20,male,35.3,1,no,southeast,27724.29
19,male,25.6,1,no,northwest,2221.56
18,male,16.0,0,no,northeast,1694.8
34,female,26.4,1,no,northwest,5385.34
29,female,20.2,2,no,northwest,4906.41
22,male,31.4,1,no,northwest,2643.27
43,male,26.0,0,no,northeast,6837.37
59,male,27.5,1,no,southwest,12333.83
54,male,34.2,2,yes,southeast,44260.75
20,female,22.4,0,yes,northwest,14711.74
20,male,35.6,3,yes,northwest,37465.34
41,female,33.0,0,no,northwest,6571.02
44,male,22.1,2,no,northeast,8302.54
19,male,30.6,0,no,northwest,1639.56
35,male,27.1,1,no,southwest,4746.34
51,male,24.8,2,yes,northwest,23967.38
55,male,32.8,0,no,northwest,10601.63
31,female,31.1,0,no,northeast,4347.02
41,female,31.0,0,no,southeast,6185.32
57,male,43.7,1,no,southwest,11576.13
32,female,33.2,3,no,northwest,6128.8
50,male,32.2,0,no,northwest,8835.26
61,female,36.4,1,yes,northeast,48517.56
35,female,35.9,2,no,southeast,5836.52
30,male,31.4,1,no,southwest,3659.35
44,male,30.7,2,no,southeast,7731.43
19,female,39.6,1,no,northwest,2730.11
37,male,30.8,0,no,southwest,4646.76
27,male,29.2,0,yes,southeast,18246.5
56,female,28.8,0,no,northeast,11658.38
35,male,17.9,1,no,northwest,5116.5
28,female,34.8,0,no,northwest,3556.92
24,female,33.3,0,no,northwest,2855.44
31,female,23.6,2,no,southwest,4931.65
50,female,27.6,1,yes,southwest,24520.26
32,male,28.9,1,yes,southeast,19719.69
25,male,33.3,2,yes,southeast,36124.57
52,male,33.3,0,no,northeast,9722.77
25,female,34.0,1,no,southeast,3227.12
18,male,21.5,0,no,northeast,1702.46
26,female,28.8,0,no,northeast,3385.4
36,female,26.2,0,no,southwest,4883.87
56,male,31.8,2,yes,southeast,43813.87
31,male,25.9,1,no,northwest,4239.89
48,female,25.9,3,yes,southeast,24180.93
37,female,30.8,2,no,southeast,6313.76
59,female,27.5,0,no,southwest,12233.83
28,female,28.9,1,no,northeast,4337.74
31,male,34.4,3,yes,northwest,38746.36
57,female,29.8,0,yes,southeast,27533.91
34,male,27.0,2,no,southwest,11737.85
22,female,23.2,0,no,northeast,2731.91
33,male,33.4,5,no,southeast,6653.79
34,male,42.1,2,no,southeast,5124.19
35,male,34.8,2,no,northwest,5729.01
47,female,45.3,1,no,southeast,8569.86
41,male,21.8,1,no,southeast,6272.48
51,female,25.8,1,no,southwest,9861.03
24,male,31.1,0,yes,northeast,34254.05
62,female,33.2,0,no,southwest,13462.52
24,female,25.3,0,no,northeast,3044.21
61,male,36.3,1,yes,southwest,47403.88
42,male,31.3,0,no,northwest,6358.78
27,male,33.2,2,no,northwest,4058.71
36,female,26.9,0,no,northwest,5267.82
23,female,28.5,1,yes,southeast,18328.24
64,female,23.0,0,yes,southeast,27037.91
41,male,33.6,0,no,southeast,5699.84
18,female,20.8,0,no,southeast,1607.51
52,male,26.4,3,no,southeast,25992.82
56,male,33.7,0,no,northwest,10976.25
57,female,22.2,0,no,northeast,12029.29
34,male,22.4,2,no,northeast,27375.9
45,female,31.8,0,no,southeast,17929.3
53,female,33.3,0,no,northeast,10564.88
53,male,28.9,0,no,northwest,9869.81
28,female,24.3,1,no,northeast,23288.93
50,female,27.1,1,no,northeast,10106.13
60,male,33.1,3,no,southeast,13919.82
58,male,35.7,0,no,southwest,11362.76
46,male,33.3,1,no,northeast,8334.46
18,female,30.1,0,no,northeast,21344.85
18,male,27.4,1,yes,northeast,17178.68
22,female,30.4,0,no,northeast,2741.95
29,male,31.7,2,no,northwest,4433.39
47,female,32.0,1,no,southwest,8551.35
37,female,38.4,0,yes,southeast,40419.02
47,male,32.3,1,no,southwest,8062.76
48,female,27.9,4,no,northwest,11015.17
37,female,34.1,1,no,northwest,6112.35
19,female,24.7,0,no,southwest,1737.38
35,male,24.1,1,no,northwest,5125.22
18,male,34.1,0,no,southeast,1137.01
64,female,39.1,3,no,southeast,16085.13
38,male,38.4,3,yes,southeast,41949.24
34,male,21.4,0,no,northeast,4500.34
49,female,27.2,0,no,southeast,8601.33
52,male,24.3,3,yes,northeast,24869.84
49,female,41.5,4,no,southeast,10977.21
59,female,23.7,0,yes,northwest,25678.78
22,female,21.3,3,no,northwest,4296.27
28,male,31.7,0,yes,southeast,34672.15
52,female,25.3,2,yes,southeast,24667.42
30,male,25.5,0,no,northeast,3645.09
62,female,26.3,0,yes,southeast,27808.73
29,male,38.9,1,no,southeast,3471.41
47,female,36.0,1,no,southwest,8556.91
19,male,22.6,0,no,northwest,1628.47
20,male,40.5,0,no,northeast,1984.45
35,female,34.1,3,yes,northwest,39983.43
50,female,46.1,1,no,southeast,9549.57
36,male,34.4,0,yes,southeast,37742.58
22,female,27.1,0,no,southwest,2154.36
50,male,32.3,1,yes,northeast,41919.1
35,male,24.4,3,yes,southeast,19362.0
59,female,27.8,3,no,southeast,14001.29
43,female,25.3,1,yes,northeast,21771.34
39,male,26.4,0,yes,northeast,20149.32
43,male,38.1,2,yes,southeast,42560.43
54,female,27.6,1,no,northwest,11305.93
49,female,30.8,1,no,northeast,9778.35
44,female,24.0,2,no,southeast,8211.1
50,female,23.5,2,no,southeast,10107.22
29,female,21.8,1,yes,northeast,16657.72
20,female,29.0,0,no,northwest,2257.48
38,male,21.1,3,no,southeast,6652.53
34,female,37.3,2,no,northwest,5989.52
24,female,23.2,0,no,southeast,25081.77
51,female,20.6,0,no,southwest,9264.8
38,male,29.3,2,no,northwest,6457.84
61,male,28.3,1,yes,northwest,28868.66
54,female,31.9,1,no,southeast,10928.85
54,female,28.9,2,no,northeast,12096.65
21,female,17.4,1,no,southwest,2585.27
18,female,40.3,0,no,southeast,1634.57
59,female,31.4,0,no,northwest,12622.18
43,female,46.2,0,yes,southeast,45863.21
38,male,34.7,2,no,southwest,6082.41
52,male,38.6,2,no,southwest,10325.21
30,female,30.9,3,no,southwest,5325.65
61,male,33.5,0,no,northeast,13143.34
20,female,31.5,0,no,southeast,1877.93
26,female,22.6,0,no,northwest,3176.82
50,female,44.7,0,no,northeast,9541.7
53,female,26.7,2,no,southwest,11150.78
30,female,33.3,1,no,southeast,4151.03
44,male,37.1,2,no,southwest,7740.34
22,male,37.6,1,yes,southeast,37165.16
45,male,30.5,2,no,northwest,8413.46
23,male,34.4,0,no,southwest,1826.84
31,male,39.5,1,no,southeast,3875.73
30,male,37.4,3,no,northeast,5428.73
50,male,26.6,0,no,southwest,8444.47
42,male,28.3,3,yes,northwest,32787.46
18,female,21.7,0,yes,northeast,14283.46
39,female,31.9,2,no,northwest,7209.49
40,female,41.4,1,no,northwest,28476.73
45,male,21.4,0,no,northwest,7222.79
21,male,25.7,2,no,northeast,3279.87
23,male,37.1,3,no,southwest,3597.6
42,male,35.8,2,no,southwest,7160.09
42,male,36.0,2,no,southeast,7160.33
32,male,28.9,0,no,northwest,3866.86
19,male,25.2,0,no,northwest,1632.04
22,male,28.9,0,no,northeast,2250.84
44,female,26.4,0,no,northwest,7419.48
45,male,24.0,2,no,northeast,8604.48
40,male,41.2,1,no,northeast,6610.11
27,female,31.3,1,no,northwest,3956.07
19,female,28.9,0,yes,northwest,17748.51
19,male,34.8,0,yes,southwest,34779.62
33,female,24.3,0,no,southeast,4185.1
61,male,38.4,0,no,northwest,12950.07
20,male,30.7,0,yes,northeast,33475.82
34,male,30.8,0,yes,southwest,35491.64
55,male,33.0,0,no,southeast,20781.49
22,female,31.0,3,yes,southeast,35595.59
23,male,27.4,1,no,northwest,2789.06
18,male,38.2,0,yes,southeast,36307.8
54,male,25.5,1,no,northeast,25517.11
28,male,23.8,2,no,southwest,3847.67
46,female,33.4,1,no,southeast,8240.59
49,male,30.9,0,yes,southwest,39727.61
38,female,30.2,3,no,northwest,7537.16
26,female,29.6,4,no,northeast,24671.66
26,male,27.1,0,yes,southeast,17043.34
62,female,32.7,0,no,northwest,13844.8
34,female,33.7,1,no,southwest,5012.47
33,male,24.6,2,no,northwest,5257.51
47,female,23.6,1,no,southwest,8539.67
49,male,29.8,1,no,northeast,9288.03
49,female,29.9,0,no,northwest,8988.16
60,male,32.8,0,yes,southwest,52590.83
59,female,26.5,0,no,northeast,12815.44
52,male,34.1,0,no,southeast,9140.95
29,male,34.4,0,yes,southwest,36197.7
23,female,28.0,0,no,southwest,13126.68
18,female,38.7,2,no,northeast,3393.36
53,female,36.9,3,yes,northwest,46661.44
40,female,23.4,3,no,northeast,8252.28
63,female,23.1,0,no,northeast,14451.84
48,female,27.3,1,no,northeast,9447.25
35,female,28.0,0,yes,northwest,20234.85
27,female,31.4,0,yes,southwest,34838.87
63,female,31.8,0,no,southwest,13880.95
49,male,25.8,2,yes,northwest,23807.24
37,female,29.5,2,no,southwest,6311.95
41,male,29.6,5,no,northeast,9222.4
25,female,30.3,0,no,southwest,2632.99
29,female,25.6,4,no,southwest,5708.87
28,male,24.3,5,no,southwest,5615.37
39,female,32.8,0,no,southwest,5649.72
47,female,36.6,1,yes,southeast,42969.85
18,male,25.2,0,yes,northeast,15518.18
21,female,16.8,1,no,northeast,3167.46
18,female,31.1,0,no,southeast,1621.88
27,female,24.1,0,no,southwest,2974.13
36,female,19.9,0,no,northeast,5458.05
57,male,18.3,0,no,northeast,11534.87
55,female,40.8,3,no,southeast,12485.8
45,male,39.8,0,no,northeast,7448.4
54,male,39.6,1,no,southwest,10450.55
39,female,26.3,2,no,northwest,7201.7
46,female,27.7,0,no,northwest,8026.67
62,male,38.8,0,no,southeast,12981.35
53,female,37.4,1,no,northwest,10959.69
28,female,17.3,0,no,northeast,3732.63
56,female,25.7,0,no,northwest,11454.02
47,female,24.1,1,no,southwest,26236.58
41,female,37.1,2,no,southwest,7371.77
49,female,21.3,1,no,southwest,9182.17
19,male,33.1,0,no,southwest,23082.96
43,male,27.8,0,yes,southwest,37829.72
36,male,28.6,3,no,northwest,6548.2
41,male,23.9,1,no,northeast,6858.48
36,male,34.4,2,no,southeast,5584.31
50,male,31.0,3,no,northwest,10600.55
51,female,36.4,3,no,northwest,11436.74
25,female,32.2,1,no,southeast,18218.16
39,female,24.9,3,yes,northeast,21659.93
32,female,23.7,1,no,southeast,17626.24
18,female,33.2,0,no,northeast,2207.7
38,female,40.2,0,no,southeast,5400.98
19,male,34.9,0,yes,southwest,34828.65
47,female,29.4,1,no,southeast,8547.69
22,female,36.0,0,no,southwest,2166.73
29,female,26.0,0,no,northwest,3736.46
26,female,40.2,0,no,northwest,3201.25
51,male,36.0,1,no,southeast,9386.16
18,female,36.9,0,yes,southeast,36149.48
44,male,34.3,1,no,southeast,7147.47
47,male,36.2,1,no,southwest,8068.19
19,male,26.0,1,yes,northwest,16450.89
28,male,30.9,0,no,northwest,3062.51
54,female,35.8,3,no,northwest,12495.29
60,male,31.4,3,yes,northwest,46130.53
44,female,43.9,2,yes,southeast,46200.99
38,male,31.0,1,no,southwest,5488.26
19,male,34.4,0,no,southwest,1261.86
19,female,32.9,0,no,southwest,1748.77
18,male,39.1,0,no,northeast,12890.06
55,male,29.0,0,no,northeast,10796.35
35,female,23.5,2,no,northeast,6402.29
36,male,33.8,1,no,northwest,5377.46
40,female,28.1,1,yes,northeast,22331.57
19,male,21.8,0,no,northwest,1627.28
26,male,31.1,0,no,northwest,2699.57
52,female,37.4,0,no,southwest,9634.54
23,female,39.3,2,no,southeast,3500.61
62,female,29.9,0,no,southeast,13457.96
43,female,29.9,1,no,southwest,7337.75
46,male,30.5,3,yes,northwest,40720.55
19,male,28.7,0,no,southwest,1253.94
38,female,27.3,1,no,northeast,6555.07
63,male,35.1,0,yes,southeast,47055.53
45,male,30.4,0,yes,southeast,62592.87
19,male,27.6,0,no,southwest,1252.41
39,male,24.5,2,no,northwest,6710.19
59,male,26.4,0,no,southeast,11743.3
59,male,29.7,2,no,southeast,12925.89
24,male,28.5,2,no,northwest,3537.7
42,female,40.4,2,yes,southeast,43896.38
44,male,30.2,2,yes,southwest,38998.55
61,male,35.9,0,yes,southeast,46599.11
27,male,30.3,3,no,southwest,4260.74
60,female,36.0,0,no,northeast,13228.85
32,female,31.5,1,no,northeast,5148.55
60,female,28.7,1,no,southwest,13224.69
63,male,41.3,3,no,northwest,15555.19
18,male,21.8,2,no,southeast,11884.05
49,male,36.9,0,no,southeast,8125.78
24,male,35.9,0,no,southeast,1986.93
62,female,33.0,3,no,northwest,15612.19
49,male,37.5,2,no,southeast,9304.7
56,male,22.1,0,no,southwest,10577.09
51,female,38.1,0,yes,southeast,44400.41
52,male,36.8,2,no,northwest,26467.1
62,male,37.4,0,no,southwest,12979.36
63,male,41.5,0,no,southeast,13405.39
28,female,27.5,2,no,southwest,20177.67
61,male,36.1,3,no,southwest,27941.29
58,female,41.9,0,no,southeast,24227.34
31,female,25.7,0,no,southeast,3756.62
25,male,45.5,2,yes,southeast,42112.24
40,male,19.8,1,yes,southeast,17179.52
35,female,27.7,3,no,southwest,6414.18
26,male,20.8,0,no,southwest,2302.3
45,female,35.3,0,no,southwest,7348.14
39,male,34.1,2,no,southeast,23563.02
30,female,21.9,1,no,northeast,4718.2
19,male,27.8,0,no,northwest,1635.73
31,male,31.1,3,no,northwest,5425.02
51,male,33.3,3,no,southeast,10560.49
35,male,27.6,1,no,southeast,4747.05
64,male,23.8,0,yes,southeast,26926.51
63,male,33.7,3,no,southeast,15161.53
43,male,25.5,5,no,southeast,14478.33
55,male,30.7,0,yes,northeast,42303.69
21,male,27.4,0,no,northeast,2104.11
42,female,26.6,0,yes,northwest,21348.71
36,male,28.0,1,yes,northeast,20773.63
23,male,31.7,3,yes,northeast,36189.1
30,female,28.4,1,no,northwest,4527.18
58,female,27.2,0,no,northwest,12222.9
18,male,23.1,0,no,northeast,1704.7
61,female,39.1,2,no,southwest,14235.07
43,female,35.7,2,no,northeast,19144.58
22,male,20.0,3,no,northeast,4005.42
45,female,27.6,1,no,northwest,28340.19
47,female,33.3,0,no,northeast,20878.78
53,female,28.1,3,no,southwest,11741.73
37,female,30.8,0,yes,northeast,37270.15
33,male,42.5,1,no,southeast,11326.71
25,female,30.2,0,yes,southwest,33900.65
60,male,24.3,0,no,northwest,12523.6
28,female,25.8,0,no,southwest,3161.45
55,male,37.3,0,no,southwest,20630.28
29,female,29.6,1,no,southeast,3947.41
21,male,25.7,4,yes,southwest,17942.11
53,male,20.9,0,yes,southeast,21195.82
40,male,29.4,1,no,northwest,6393.6
33,female,19.1,2,yes,northeast,16776.3
31,male,25.9,3,yes,southwest,19199.94
60,male,29.6,0,no,northeast,12731.0
48,male,32.3,1,no,northwest,8765.25
61,female,35.9,0,no,northeast,13635.64
59,female,27.7,3,no,southeast,14001.13
55,male,29.9,0,no,southwest,10214.64
52,female,46.8,5,no,southeast,12592.53
56,male,39.6,0,no,southwest,10601.41
57,male,29.0,0,yes,northeast,27218.44
32,male,30.8,3,no,southwest,5253.52
18,male,30.0,1,no,southeast,1720.35
47,female,29.5,1,no,northwest,8930.93
44,female,25.0,1,no,southwest,7623.52
33,female,28.3,1,no,southeast,4779.6
34,male,34.7,0,no,northeast,4518.83
57,male,40.9,0,no,northeast,11566.3
60,female,25.8,0,no,northwest,28923.14
39,male,29.6,4,no,southwest,7512.27
56,female,37.5,2,no,southeast,12265.51
55,female,32.8,2,no,northwest,12268.63
32,female,24.6,0,yes,southwest,17496.31
23,female,42.8,1,yes,northeast,40904.2
20,male,33.0,1,no,southwest,1980.07
29,female,21.9,0,yes,northeast,16115.3
44,female,39.0,0,yes,northwest,42983.46
44,female,29.8,2,no,southeast,8219.2
29,male,33.3,2,no,northwest,19442.35
22,male,39.5,0,no,southwest,1682.6
18,male,35.2,1,no,southeast,1727.54
61,female,44.0,0,no,southwest,13063.88
23,female,31.4,0,yes,southwest,34166.27
25,male,27.6,0,no,northwest,2523.17
64,male,37.0,2,yes,southeast,49577.66
39,male,29.9,1,yes,northeast,22462.04
51,male,32.3,1,no,northeast,9964.06
19,female,25.7,1,no,northwest,2710.83
33,female,26.7,0,no,northwest,4571.41
27,male,28.5,0,yes,northwest,18310.74
50,female,26.2,2,no,northwest,10493.95
37,male,29.8,2,no,northeast,6406.41
22,female,34.6,2,no,northeast,3925.76
18,female,39.8,0,no,southeast,1633.96
63,female,36.3,0,no,southeast,13887.2
28,female,33.1,0,no,southeast,3171.61
24,female,30.1,3,no,southwest,4234.93
27,female,32.4,1,no,northeast,18903.49
18,male,33.3,0,no,southeast,1135.94
24,male,29.3,0,no,southwest,1977.82
46,female,30.2,2,no,southwest,8825.09
31,male,28.5,5,no,northeast,6799.46
22,male,52.6,1,yes,southeast,44501.4
60,male,25.7,0,no,southeast,12142.58
19,female,33.1,0,yes,southeast,34439.86
19,female,30.6,2,no,northwest,24059.68
60,female,30.5,0,no,southwest,12638.2
55,female,37.1,0,no,southwest,10713.64
59,female,32.4,3,no,northeast,14590.63
58,male,23.3,0,no,southwest,11345.52
27,female,34.8,1,no,southwest,3578.0
51,male,30.0,1,no,southeast,9377.9
19,female,22.5,0,no,northwest,2117.34
64,male,38.2,0,no,northeast,14410.93
60,male,37.0,0,no,northeast,12741.17
42,male,26.1,2,no,northeast,7729.65
51,male,25.4,0,no,southwest,8782.47
31,female,25.8,2,no,southwest,4934.71
44,male,39.5,0,no,northwest,6948.7
54,male,24.0,0,no,northeast,10422.92
44,female,25.8,1,no,southwest,7624.63
62,female,30.5,2,no,northwest,15019.76
25,male,25.7,0,no,southeast,2137.65
41,male,37.1,2,no,northwest,7265.7
48,female,28.9,1,no,northwest,9249.5
19,female,28.3,0,yes,southwest,17081.08
61,female,29.1,0,yes,northwest,29141.36
46,female,33.7,1,no,northeast,8823.99
19,female,31.8,1,no,northwest,2719.28
22,male,25.2,0,no,northwest,2045.69
46,female,35.5,0,yes,northeast,42111.66
29,male,22.9,0,yes,northeast,16138.76
18,female,25.1,0,no,northeast,2196.47
64,female,31.3,2,yes,southwest,47291.06
19,male,44.9,0,yes,southeast,39722.75
18,male,25.5,0,no,northeast,1708.0
25,male,23.9,5,no,southwest,5080.1
21,female,32.7,2,no,northwest,26018.95
35,male,39.7,4,no,northeast,19496.72
41,female,33.1,2,no,northwest,7749.16
44,female,37.0,1,no,northwest,8023.14
21,female,21.9,2,no,southeast,3180.51
28,male,24.0,3,yes,southeast,17663.14
29,female,31.2,0,no,northeast,3943.6
21,male,36.9,0,no,northwest,1917.32
49,female,42.7,2,no,southeast,9800.89
32,male,33.6,1,yes,northeast,37607.53
57,male,40.4,0,no,southeast,10982.5
46,female,27.7,1,no,southeast,8232.64
50,male,36.2,0,no,southwest,8457.82
56,female,28.6,0,no,northeast,11658.12
18,male,33.7,0,no,southeast,1136.4
59,male,29.8,3,yes,northeast,30184.94
47,male,38.9,2,yes,southeast,44202.65
50,male,32.1,2,no,northeast,25333.33
25,male,26.7,4,no,northwest,4877.98
33,male,24.8,0,yes,northeast,17904.53
30,female,23.7,3,yes,northwest,18765.88
64,male,34.5,0,no,southwest,13822.8
30,male,31.6,3,no,southeast,4837.58
39,male,32.3,2,no,southeast,6338.08
64,female,26.9,0,yes,northwest,29330.98
64,female,31.8,2,no,northeast,16069.08
23,female,34.9,0,no,northeast,2899.49
42,female,25.0,2,no,northwest,8017.06
57,male,42.1,1,yes,southeast,48675.52
31,male,38.4,2,no,southeast,4463.21
47,male,25.4,1,yes,southeast,21978.68
53,male,31.2,1,no,northwest,10461.98
26,female,42.4,1,no,southwest,3410.32
45,female,27.8,2,no,southeast,8515.76
48,male,40.2,0,no,southeast,7804.16
38,male,16.8,2,no,northeast,6640.54
46,female,32.3,2,no,northeast,9411.01
54,male,40.6,3,yes,northeast,48549.18
43,female,20.0,2,yes,northeast,19798.05
51,female,33.9,0,no,northeast,9866.3
47,male,19.2,1,no,northeast,8627.54
53,male,31.4,0,no,southeast,27346.04
53,male,26.4,2,no,northeast,11244.38
33,male,42.4,5,no,southwest,6666.24
46,male,22.3,0,no,southwest,7147.11
46,male,33.4,1,no,northeast,8334.59
31,male,26.9,1,no,northeast,4441.21
41,female,28.1,1,no,southeast,6770.19
50,female,33.7,4,no,southwest,11299.34
60,male,40.9,0,yes,southeast,48673.56
57,male,33.6,1,no,northwest,11945.13
27,male,26.0,0,no,northeast,3070.81
53,female,39.6,1,no,southeast,10579.71
21,female,33.6,2,no,northwest,3579.83
31,male,29.8,0,yes,southeast,19350.37
63,male,28.3,0,no,northwest,13770.1
49,male,32.3,3,no,northwest,10269.46
28,male,22.5,2,no,northeast,4428.89
50,female,30.1,1,no,northwest,9910.36
18,male,53.1,0,no,southeast,1163.46
25,female,22.5,1,no,northwest,3594.17
18,male,23.3,1,no,southeast,1711.03
18,male,30.1,0,no,southeast,1131.51
35,female,38.1,2,no,northeast,24915.05
62,male,26.7,0,yes,northeast,28101.33
37,male,22.7,3,no,northeast,6985.51
50,male,34.2,2,yes,southwest,42856.84
19,male,20.7,0,no,southwest,1242.82
45,female,25.2,2,no,northeast,9095.07
52,female,24.9,0,no,southeast,27117.99
61,female,33.3,4,no,southeast,36580.28
55,male,33.9,3,no,southeast,11987.17
18,male,33.5,0,yes,northeast,34617.84
50,male,44.8,1,no,southeast,9058.73
43,male,35.3,2,no,southeast,18806.15
47,female,26.1,1,yes,northeast,23401.31
34,female,19.0,3,no,northeast,6753.04
23,male,41.9,0,no,southeast,1837.28
19,female,32.1,0,no,northwest,2130.68
55,female,32.4,1,no,northeast,11879.1
30,female,22.9,1,no,northeast,4719.52
52,male,32.8,3,no,northwest,11289.11
39,female,24.2,5,no,northwest,8965.8
34,male,27.8,1,yes,northwest,20009.63
33,female,35.5,0,yes,northwest,55135.4
59,female,34.8,2,no,southwest,36910.61
18,female,24.1,1,no,southeast,2201.1
42,female,32.9,0,no,northeast,7050.02
51,female,39.5,1,no,southwest,9880.07
48,male,37.3,2,no,southeast,8978.19
20,female,31.9,0,no,northwest,2261.57
58,female,33.0,0,no,northeast,12430.95
46,male,24.8,3,no,northeast,9500.57
37,male,29.8,0,no,southwest,20420.6
48,female,33.1,0,yes,southeast,40974.16
64,female,39.3,0,no,northeast,14901.52
22,male,35.6,0,yes,southwest,35585.58
57,female,38.0,2,no,southwest,12646.21
21,male,20.2,3,no,northeast,3861.21
48,male,36.7,1,no,northwest,28468.92
25,male,25.0,2,no,northeast,23241.47
28,female,26.3,3,no,northwest,5312.17
37,male,46.5,3,no,southeast,6435.62
29,male,29.7,2,no,northwest,18157.88
19,male,27.7,0,yes,southwest,16297.85
56,male,33.6,0,yes,northwest,43921.18
42,female,36.2,1,no,northwest,7443.64
41,female,21.8,1,no,northeast,13725.47
24,female,39.5,0,no,southeast,2480.98
27,female,18.0,2,yes,northeast,15006.58
47,male,29.8,3,yes,southwest,25309.49
32,male,33.8,1,no,northwest,4462.72
48,male,30.2,2,no,southwest,8968.33
53,male,30.5,0,no,northeast,10072.06
47,male,19.6,1,no,northwest,8428.07
37,male,34.1,4,yes,southwest,40182.25
31,female,36.6,2,no,southeast,4949.76
55,female,29.8,0,no,northeast,11286.54
53,male,21.4,1,no,southwest,10065.41
36,male,33.4,2,yes,southwest,38415.47
49,female,27.1,1,no,southwest,26140.36
48,male,24.4,0,yes,southeast,21223.68
22,male,32.1,0,no,northwest,2055.32
45,male,33.7,1,no,southwest,7445.92
26,female,29.9,1,no,southeast,3392.98
18,female,31.9,0,no,northeast,2205.98
19,female,32.5,0,yes,northwest,36898.73
25,female,20.8,1,no,southwest,3208.79
54,female,31.2,0,no,southeast,10338.93
22,female,30.4,0,yes,northwest,33907.55
58,male,49.1,0,no,southeast,11381.33
36,male,29.7,0,no,southeast,4399.73
49,male,30.3,0,no,southwest,8116.68
38,male,19.3,0,yes,southwest,15820.7
32,female,20.5,0,no,northeast,4544.23
61,female,25.1,0,no,southeast,24513.09
46,female,34.6,1,yes,southwest,41661.6
48,male,31.4,1,no,northeast,8964.06
44,female,38.1,0,yes,southeast,48885.14
45,female,33.1,0,no,southwest,7345.08
37,female,34.8,2,yes,southwest,39836.52
19,female,30.5,0,no,northwest,2128.43
52,female,30.8,1,no,northeast,10797.34
35,male,34.3,3,no,southeast,5934.38
19,male,17.5,0,no,northwest,1621.34
39,male,35.3,2,yes,southwest,40103.89
42,male,30.0,0,yes,southwest,22144.03
47,male,29.8,3,no,northwest,9620.33
62,female,38.1,2,no,northeast,15230.32
49,male,22.5,0,no,northeast,8688.86
26,female,19.8,1,no,southwest,3378.91
28,male,29.3,2,no,northeast,4438.26
49,male,31.4,1,no,northeast,9290.14
57,male,27.9,1,no,southeast,11554.22
19,male,28.4,1,no,southwest,1842.52
39,male,45.4,2,no,southeast,6356.27
42,female,29.0,1,no,southwest,7050.64
38,female,40.6,1,no,northwest,6373.56
19,male,37.0,0,yes,northwest,36219.41
46,male,40.4,2,no,northwest,8733.23
48,female,35.9,1,no,northeast,26392.26
18,male,28.3,1,no,northeast,11272.33
41,male,28.4,1,no,northwest,6664.69
22,female,28.1,0,no,southeast,2155.68
32,male,35.2,2,no,southwest,4670.64
35,male,38.6,1,no,southwest,4762.33
46,male,43.9,3,no,southeast,8944.12
63,male,33.1,0,no,southwest,13393.76
44,female,27.5,1,no,southwest,7626.99
31,female,26.6,0,no,southeast,3757.84
60,female,32.5,0,yes,southeast,45008.96
29,male,29.0,1,no,northeast,4040.56
29,male,35.5,2,yes,southwest,44585.46
54,female,24.6,3,no,northwest,12479.71
27,male,30.5,0,no,southwest,2494.02
23,male,17.4,1,no,northwest,2775.19
21,male,31.1,0,no,southwest,1526.31
48,female,36.6,0,no,northwest,8671.19
54,male,29.2,1,no,southwest,10436.1
57,female,25.7,2,no,southeast,12629.17
64,female,33.8,1,yes,southwest,47928.03
37,male,37.1,1,yes,southeast,39871.7
34,male,32.8,1,no,southwest,14358.36
28,female,33.0,2,no,southeast,4349.46
53,female,32.3,2,no,northeast,29186.48
57,male,23.7,0,no,southwest,10959.33
38,female,28.9,1,no,southeast,5974.38
48,male,29.7,0,no,southeast,7789.64
21,female,34.6,0,no,southwest,2020.18
30,male,35.5,0,yes,southeast,36950.26
46,male,38.2,2,no,southeast,8347.16
33,male,29.4,4,no,southwest,6059.17
40,female,29.6,0,no,southwest,5910.94
45,male,36.5,2,yes,northwest,42760.5
51,female,40.7,0,no,northeast,9875.68
42,female,26.2,1,no,southeast,7046.72
35,female,43.3,2,no,southeast,5846.92
27,male,31.1,1,yes,southeast,34806.47
64,female,30.1,3,no,northwest,16455.71
52,female,18.3,0,no,northwest,9991.04
18,female,31.4,4,no,northeast,4561.19
54,female,47.4,0,yes,southeast,63770.43
43,male,27.4,3,no,northeast,8606.22
30,male,27.6,1,no,northeast,4237.13
55,male,21.5,1,no,southwest,10791.96
39,female,18.3,5,yes,southwest,19023.26
45,male,20.4,3,no,southeast,8605.36
45,male,24.3,5,no,southeast,9788.87
55,female,35.2,0,yes,southeast,44423.8
56,female,35.8,1,no,southwest,11674.13
42,female,37.9,0,no,southwest,6474.01
34,female,33.3,1,no,northeast,5594.85
62,male,30.9,3,yes,northwest,46718.16
40,male,35.3,3,no,southwest,7196.87
53,female,23.8,2,no,northeast,11729.68
49,female,36.6,3,no,southeast,10381.48
37,female,26.4,0,yes,southeast,19539.24
39,male,26.2,1,no,northwest,6123.57
29,female,38.8,3,no,southeast,5138.26
39,female,34.3,5,no,southeast,8596.83
48,female,33.3,0,no,southeast,8283.68
21,male,26.0,0,no,northeast,2102.26
56,male,32.1,1,no,northeast,11763.0
18,male,26.1,0,no,northeast,1708.93
53,male,36.6,3,no,southwest,11264.54
61,female,29.9,3,yes,southeast,30942.19
24,female,24.2,0,no,northwest,2842.76
18,female,33.9,0,no,southeast,11482.63
21,female,22.1,0,no,northeast,2585.85
48,female,28.9,0,no,southwest,8277.52
18,female,42.2,0,yes,southeast,38792.69
44,male,32.0,2,no,northwest,8116.27
37,female,27.7,3,no,northwest,7281.51
63,female,25.1,0,no,northwest,14254.61
28,female,26.5,2,no,southeast,4340.44
37,male,34.2,1,yes,northeast,39047.29
56,male,25.9,0,no,northeast,11165.42
62,male,31.5,1,no,southeast,27000.98
54,female,46.7,2,no,southwest,11538.42
28,female,33.4,0,no,southwest,3172.02
64,male,39.2,1,no,southeast,14418.28
31,female,21.8,0,no,northwest,4134.08
61,male,33.9,0,no,northeast,13143.86
31,female,32.7,1,no,northwest,4738.27
30,male,28.7,3,yes,northwest,20745.99
26,male,32.9,2,yes,southwest,36085.22
24,male,33.6,4,no,northeast,17128.43
59,female,36.8,1,yes,northeast,47896.79
21,male,31.0,0,no,southeast,16586.5
25,female,23.5,0,no,northeast,3206.49
52,female,31.7,2,no,northwest,11187.66
36,female,22.1,3,no,northeast,7228.22
23,male,32.7,3,no,southwest,3591.48
36,female,25.9,1,no,southwest,5472.45
46,female,20.0,2,no,northwest,9193.84
24,female,27.6,0,no,southwest,18955.22
45,male,28.7,2,no,southwest,8027.97
19,male,19.8,0,no,southwest,1241.57
55,female,33.5,2,no,northwest,12269.69
19,female,20.6,0,no,southwest,1731.68
20,female,33.3,0,no,southwest,1880.49
58,female,25.2,0,no,southwest,11837.16
57,male,40.3,0,no,northeast,20709.02
39,female,22.8,3,no,northeast,7985.82
64,male,26.4,0,no,northeast,14394.56
55,female,26.8,1,no,southwest,35160.13
59,female,35.2,0,no,southeast,12244.53
50,male,32.3,2,no,southwest,9630.4
48,female,31.1,0,no,southeast,8280.62
19,male,31.9,0,yes,northwest,33750.29
31,female,38.1,1,yes,northeast,58571.07
40,female,22.2,2,yes,southeast,19444.27
30,male,37.8,2,yes,southwest,39241.44
19,female,27.9,0,yes,southwest,16884.92
62,female,39.2,0,no,southeast,13470.8
47,female,24.3,0,no,northeast,8534.67
51,female,18.1,0,no,northwest,9644.25
26,male,27.3,3,no,northeast,4661.29
61,male,31.6,0,no,southeast,12557.61
51,female,34.1,0,no,southeast,9283.56
44,male,31.4,1,yes,northeast,39556.49
25,female,28.6,0,no,northeast,3213.62
42,male,26.3,1,no,northwest,6940.91
53,female,26.6,0,no,northwest,10355.64
57,male,31.5,0,no,northwest,11353.23
56,female,33.8,2,no,northwest,12643.38
22,male,37.1,2,yes,southeast,37484.45
41,female,36.1,1,no,southeast,6781.35
39,male,28.3,1,yes,southwest,21082.16
40,male,29.9,2,no,southwest,6600.36
45,female,40.0,3,no,northeast,9704.67
30,female,20.0,3,no,northwest,5693.43
18,male,23.8,0,no,northeast,1705.62
38,female,27.6,0,no,southwest,5383.54
19,male,20.6,2,no,northwest,2803.7
45,male,22.9,0,yes,northeast,35069.37
32,female,37.1,3,no,northeast,6334.34
24,male,26.8,1,no,northwest,12609.89
63,female,37.7,0,yes,southwest,48824.45
61,female,28.2,0,no,southwest,13041.92
19,female,24.6,1,no,northwest,2709.24
47,female,26.6,2,no,northeast,9715.84
23,female,35.0,3,no,northwest,4466.62
25,female,42.1,1,no,southeast,3238.44
50,female,25.6,0,no,southwest,8932.08
42,female,23.4,0,yes,northeast,19964.75
61,male,43.4,0,no,southwest,12574.05
29,male,27.9,0,no,southeast,2867.12
55,male,38.3,0,no,southeast,10226.28
21,female,21.9,1,yes,northeast,15359.1
19,female,37.4,0,no,northwest,2138.07
18,male,30.4,3,no,northeast,3481.87
50,female,27.4,0,no,northeast,25656.58
19,female,34.7,2,yes,southwest,36397.58
26,male,23.7,2,no,southwest,3484.33
52,female,24.1,1,yes,northwest,23887.66
53,female,22.9,1,yes,southeast,23244.79
61,female,22.0,0,no,northeast,13616.36
51,female,21.6,1,no,southeast,9855.13
26,male,35.4,0,no,southeast,2322.62
18,female,30.1,0,no,northeast,2203.47
32,female,41.1,0,no,southwest,3989.84
63,female,27.0,0,yes,northwest,28950.47
49,female,34.8,1,no,northwest,9583.89
43,male,30.1,1,no,southwest,6849.03
56,female,25.3,0,no,southwest,11070.54
18,female,40.2,0,no,northeast,2217.47
35,male,36.7,1,yes,northeast,39774.28
38,female,27.8,2,no,northeast,7144.86
29,female,25.9,0,no,southwest,3353.28
45,female,30.9,2,no,southwest,8520.03
28,female,37.6,1,no,southeast,3766.88
51,male,24.4,4,no,northwest,11520.1
43,male,23.2,0,no,southwest,6250.44
52,female,23.2,0,no,northeast,10197.77
46,male,25.7,3,no,northwest,9301.89
45,female,38.3,0,no,northeast,7935.29
59,male,37.4,0,no,southwest,21797.0
45,female,25.7,3,no,southwest,9101.8
62,male,27.6,1,no,northwest,13937.67
52,male,47.7,1,no,southeast,9748.91
29,male,22.5,3,no,northeast,5209.58
32,male,31.5,1,no,southwest,4076.5
25,male,24.1,0,yes,northwest,15817.99
33,male,27.1,1,yes,southwest,19040.88
64,female,39.7,0,no,southwest,14319.03
47,male,28.2,3,yes,northwest,24915.22
18,male,21.6,0,yes,northeast,13747.87
37,female,17.3,2,no,northeast,6877.98
56,male,40.3,0,no,southwest,10602.39
60,female,35.1,0,no,southwest,12644.59
20,male,27.9,0,no,northeast,1967.02
19,male,34.1,0,no,southwest,1261.44
35,female,35.8,1,no,northwest,5630.46
26,female,22.2,0,no,northwest,3176.29
57,female,24.0,1,no,southeast,22192.44
18,male,41.1,0,no,southeast,1146.8
51,female,37.7,1,no,southeast,9877.61
57,female,20.1,1,no,southwest,12032.33
54,female,21.5,3,no,northwest,12475.35
